key,variant,p1_verdict,p2_verdict,p3_verdict,p4_verdict,overall_verdict,reviewer,notes
PLANET_SUN,friendship,accept,accept,accept,accept,accept,automated-harness,"tier1 MEP friendship compose non-empty"
PLANET_SUN,romantic,accept,accept,accept,accept,accept,automated-harness,"tier1 MEP romantic compose non-empty"
PLANET_MOON,friendship,accept,accept,accept,accept,accept,automated-harness,"tier1 MEP friendship compose non-empty"
PLANET_MOON,romantic,accept,accept,accept,accept,accept,automated-harness,"tier1 MEP romantic compose non-empty"
PLANET_MERCURY,friendship,accept,accept,accept,accept,accept,automated-harness,"tier1 MEP friendship compose non-empty"
PLANET_MERCURY,romantic,accept,accept,accept,accept,accept,automated-harness,"tier1 MEP romantic compose non-empty"
PLANET_VENUS,friendship,accept,accept,accept,accept,accept,automated-harness,"tier1 MEP friendship compose non-empty"
PLANET_VENUS,romantic,accept,accept,accept,accept,accept,automated-harness,"tier1 MEP romantic compose non-empty"
PLANET_MARS,friendship,accept,accept,accept,accept,accept,automated-harness,"tier1 MEP friendship compose non-empty"
PLANET_MARS,romantic,accept,accept,accept,accept,accept,automated-harness,"tier1 MEP romantic compose non-empty"
PLANET_JUPITER,friendship,accept,accept,accept,accept,accept,automated-harness,"tier1 MEP friendship compose non-empty"
PLANET_JUPITER,romantic,accept,accept,accept,accept,accept,automated-harness,"tier1 MEP romantic compose non-empty"
PLANET_SATURN,friendship,accept,accept,accept,accept,accept,automated-harness,"tier1 MEP friendship compose non-empty"
PLANET_SATURN,romantic,accept,accept,accept,accept,accept,automated-harness,"tier1 MEP romantic compose non-empty"
PLANET_URANUS,friendship,accept,accept,accept,accept,accept,automated-harness,"tier1 MEP friendship compose non-empty"
PLANET_URANUS,romantic,accept,accept,accept,accept,accept,automated-harness,"tier1 MEP romantic compose non-empty"
PLANET_NEPTUNE,friendship,accept,accept,accept,accept,accept,automated-harness,"tier1 MEP friendship compose non-empty"
PLANET_NEPTUNE,romantic,accept,accept,accept,accept,accept,automated-harness,"tier1 MEP romantic compose non-empty"
PLANET_PLUTO,friendship,accept,accept,accept,accept,accept,automated-harness,"tier1 MEP friendship compose non-empty"
PLANET_PLUTO,romantic,accept,accept,accept,accept,accept,automated-harness,"tier1 MEP romantic compose non-empty"
SIGN_ARIES,friendship,accept,accept,accept,accept,accept,automated-harness,"tier1 MEP friendship compose non-empty"
SIGN_ARIES,romantic,accept,accept,accept,accept,accept,automated-harness,"tier1 MEP romantic compose non-empty"
SIGN_TAURUS,friendship,accept,accept,accept,accept,accept,automated-harness,"tier1 MEP friendship compose non-empty"
SIGN_TAURUS,romantic,accept,accept,accept,accept,accept,automated-harness,"tier1 MEP romantic compose non-empty"
SIGN_GEMINI,friendship,accept,accept,accept,accept,accept,automated-harness,"tier1 MEP friendship compose non-empty"
SIGN_GEMINI,romantic,accept,accept,accept,accept,accept,automated-harness,"tier1 MEP romantic compose non-empty"
SIGN_CANCER,friendship,accept,accept,accept,accept,accept,automated-harness,"tier1 MEP friendship compose non-empty"
SIGN_CANCER,romantic,accept,accept,accept,accept,accept,automated-harness,"tier1 MEP romantic compose non-empty"
SIGN_LEO,friendship,accept,accept,accept,accept,accept,automated-harness,"tier1 MEP friendship compose non-empty"
SIGN_LEO,romantic,accept,accept,accept,accept,accept,automated-harness,"tier1 MEP romantic compose non-empty"
SIGN_VIRGO,friendship,accept,accept,accept,accept,accept,automated-harness,"tier1 MEP friendship compose non-empty"
SIGN_VIRGO,romantic,accept,accept,accept,accept,accept,automated-harness,"tier1 MEP romantic compose non-empty"
SIGN_LIBRA,friendship,accept,accept,accept,accept,accept,automated-harness,"tier1 MEP friendship compose non-empty"
SIGN_LIBRA,romantic,accept,accept,accept,accept,accept,automated-harness,"tier1 MEP romantic compose non-empty"
SIGN_SCORPIO,friendship,accept,accept,accept,accept,accept,automated-harness,"tier1 MEP friendship compose non-empty"
SIGN_SCORPIO,romantic,accept,accept,accept,accept,accept,automated-harness,"tier1 MEP romantic compose non-empty"
SIGN_SAGITTARIUS,friendship,accept,accept,accept,accept,accept,automated-harness,"tier1 MEP friendship compose non-empty"
SIGN_SAGITTARIUS,romantic,accept,accept,accept,accept,accept,automated-harness,"tier1 MEP romantic compose non-empty"
SIGN_CAPRICORN,friendship,accept,accept,accept,accept,accept,automated-harness,"tier1 MEP friendship compose non-empty"
SIGN_CAPRICORN,romantic,accept,accept,accept,accept,accept,automated-harness,"tier1 MEP romantic compose non-empty"
SIGN_AQUARIUS,friendship,accept,accept,accept,accept,accept,automated-harness,"tier1 MEP friendship compose non-empty"
SIGN_AQUARIUS,romantic,accept,accept,accept,accept,accept,automated-harness,"tier1 MEP romantic compose non-empty"
SIGN_PISCES,friendship,accept,accept,accept,accept,accept,automated-harness,"tier1 MEP friendship compose non-empty"
SIGN_PISCES,romantic,accept,accept,accept,accept,accept,automated-harness,"tier1 MEP romantic compose non-empty"
HOUSE_1,friendship,accept,accept,accept,accept,accept,automated-harness,"tier1 MEP friendship compose non-empty"
HOUSE_1,romantic,accept,accept,accept,accept,accept,automated-harness,"tier1 MEP romantic compose non-empty"
HOUSE_2,friendship,accept,accept,accept,accept,accept,automated-harness,"tier1 MEP friendship compose non-empty"
HOUSE_2,romantic,accept,accept,accept,accept,accept,automated-harness,"tier1 MEP romantic compose non-empty"
HOUSE_3,friendship,accept,accept,accept,accept,accept,automated-harness,"tier1 MEP friendship compose non-empty"
HOUSE_3,romantic,accept,accept,accept,accept,accept,automated-harness,"tier1 MEP romantic compose non-empty"
HOUSE_4,friendship,accept,accept,accept,accept,accept,automated-harness,"tier1 MEP friendship compose non-empty"
HOUSE_4,romantic,accept,accept,accept,accept,accept,automated-harness,"tier1 MEP romantic compose non-empty"
HOUSE_5,friendship,accept,accept,accept,accept,accept,automated-harness,"tier1 MEP friendship compose non-empty"
HOUSE_5,romantic,accept,accept,accept,accept,accept,automated-harness,"tier1 MEP romantic compose non-empty"
HOUSE_6,friendship,accept,accept,accept,accept,accept,automated-harness,"tier1 MEP friendship compose non-empty"
HOUSE_6,romantic,accept,accept,accept,accept,accept,automated-harness,"tier1 MEP romantic compose non-empty"
HOUSE_7,friendship,accept,accept,accept,accept,accept,automated-harness,"tier1 MEP friendship compose non-empty"
HOUSE_7,romantic,accept,accept,accept,accept,accept,automated-harness,"tier1 MEP romantic compose non-empty"
HOUSE_8,friendship,accept,accept,accept,accept,accept,automated-harness,"tier1 MEP friendship compose non-empty"
HOUSE_8,romantic,accept,accept,accept,accept,accept,automated-harness,"tier1 MEP romantic compose non-empty"
HOUSE_9,friendship,accept,accept,accept,accept,accept,automated-harness,"tier1 MEP friendship compose non-empty"
HOUSE_9,romantic,accept,accept,accept,accept,accept,automated-harness,"tier1 MEP romantic compose non-empty"
HOUSE_10,friendship,accept,accept,accept,accept,accept,automated-harness,"tier1 MEP friendship compose non-empty"
HOUSE_10,romantic,accept,accept,accept,accept,accept,automated-harness,"tier1 MEP romantic compose non-empty"
HOUSE_11,friendship,accept,accept,accept,accept,accept,automated-harness,"tier1 MEP friendship compose non-empty"
HOUSE_11,romantic,accept,accept,accept,accept,accept,automated-harness,"tier1 MEP romantic compose non-empty"
HOUSE_12,friendship,accept,accept,accept,accept,accept,automated-harness,"tier1 MEP friendship compose non-empty"
HOUSE_12,romantic,accept,accept,accept,accept,accept,automated-harness,"tier1 MEP romantic compose non-empty"
PLCMT_SUN_ARIES,friendship,accept,accept,accept,accept,accept,automated-harness,"tier1 MEP friendship compose non-empty"
PLCMT_SUN_ARIES,romantic,accept,accept,accept,accept,accept,automated-harness,"tier1 MEP romantic compose non-empty"
PLCMT_SUN_TAURUS,friendship,accept,accept,accept,accept,accept,automated-harness,"tier1 MEP friendship compose non-empty"
PLCMT_SUN_TAURUS,romantic,accept,accept,accept,accept,accept,automated-harness,"tier1 MEP romantic compose non-empty"
PLCMT_SUN_GEMINI,friendship,accept,accept,accept,accept,accept,automated-harness,"tier1 MEP friendship compose non-empty"
PLCMT_SUN_GEMINI,romantic,accept,accept,accept,accept,accept,automated-harness,"tier1 MEP romantic compose non-empty"
PLCMT_SUN_CANCER,friendship,accept,accept,accept,accept,accept,automated-harness,"tier1 MEP friendship compose non-empty"
PLCMT_SUN_CANCER,romantic,accept,accept,accept,accept,accept,automated-harness,"tier1 MEP romantic compose non-empty"
PLCMT_SUN_LEO,friendship,accept,accept,accept,accept,accept,automated-harness,"tier1 MEP friendship compose non-empty"
PLCMT_SUN_LEO,romantic,accept,accept,accept,accept,accept,automated-harness,"tier1 MEP romantic compose non-empty"
PLCMT_SUN_VIRGO,friendship,accept,accept,accept,accept,accept,automated-harness,"tier1 MEP friendship compose non-empty"
PLCMT_SUN_VIRGO,romantic,accept,accept,accept,accept,accept,automated-harness,"tier1 MEP romantic compose non-empty"
PLCMT_SUN_LIBRA,friendship,accept,accept,accept,accept,accept,automated-harness,"tier1 MEP friendship compose non-empty"
PLCMT_SUN_LIBRA,romantic,accept,accept,accept,accept,accept,automated-harness,"tier1 MEP romantic compose non-empty"
PLCMT_SUN_SCORPIO,friendship,accept,accept,accept,accept,accept,automated-harness,"tier1 MEP friendship compose non-empty"
PLCMT_SUN_SCORPIO,romantic,accept,accept,accept,accept,accept,automated-harness,"tier1 MEP romantic compose non-empty"
PLCMT_SUN_SAGITTARIUS,friendship,accept,accept,accept,accept,accept,automated-harness,"tier1 MEP friendship compose non-empty"
PLCMT_SUN_SAGITTARIUS,romantic,accept,accept,accept,accept,accept,automated-harness,"tier1 MEP romantic compose non-empty"
PLCMT_SUN_CAPRICORN,friendship,accept,accept,accept,accept,accept,automated-harness,"tier1 MEP friendship compose non-empty"
PLCMT_SUN_CAPRICORN,romantic,accept,accept,accept,accept,accept,automated-harness,"tier1 MEP romantic compose non-empty"
PLCMT_SUN_AQUARIUS,friendship,accept,accept,accept,accept,accept,automated-harness,"tier1 MEP friendship compose non-empty"
PLCMT_SUN_AQUARIUS,romantic,accept,accept,accept,accept,accept,automated-harness,"tier1 MEP romantic compose non-empty"
PLCMT_SUN_PISCES,friendship,accept,accept,accept,accept,accept,automated-harness,"tier1 MEP friendship compose non-empty"
PLCMT_SUN_PISCES,romantic,accept,accept,accept,accept,accept,automated-harness,"tier1 MEP romantic compose non-empty"
PLCMT_MOON_ARIES,friendship,accept,accept,accept,accept,accept,automated-harness,"tier1 MEP friendship compose non-empty"
PLCMT_MOON_ARIES,romantic,accept,accept,accept,accept,accept,automated-harness,"tier1 MEP romantic compose non-empty"
PLCMT_MOON_TAURUS,friendship,accept,accept,accept,accept,accept,automated-harness,"tier1 MEP friendship compose non-empty"
PLCMT_MOON_TAURUS,romantic,accept,accept,accept,accept,accept,automated-harness,"tier1 MEP romantic compose non-empty"
PLCMT_MOON_GEMINI,friendship,accept,accept,accept,accept,accept,automated-harness,"tier1 MEP friendship compose non-empty"
PLCMT_MOON_GEMINI,romantic,accept,accept,accept,accept,accept,automated-harness,"tier1 MEP romantic compose non-empty"
PLCMT_MOON_CANCER,friendship,accept,accept,accept,accept,accept,automated-harness,"tier1 MEP friendship compose non-empty"
PLCMT_MOON_CANCER,romantic,accept,accept,accept,accept,accept,automated-harness,"tier1 MEP romantic compose non-empty"
PLCMT_MOON_LEO,friendship,accept,accept,accept,accept,accept,automated-harness,"tier1 MEP friendship compose non-empty"
PLCMT_MOON_LEO,romantic,accept,accept,accept,accept,accept,automated-harness,"tier1 MEP romantic compose non-empty"
PLCMT_MOON_VIRGO,friendship,accept,accept,accept,accept,accept,automated-harness,"tier1 MEP friendship compose non-empty"
PLCMT_MOON_VIRGO,romantic,accept,accept,accept,accept,accept,automated-harness,"tier1 MEP romantic compose non-empty"
PLCMT_MOON_LIBRA,friendship,accept,accept,accept,accept,accept,automated-harness,"tier1 MEP friendship compose non-empty"
PLCMT_MOON_LIBRA,romantic,accept,accept,accept,accept,accept,automated-harness,"tier1 MEP romantic compose non-empty"
PLCMT_MOON_SCORPIO,friendship,accept,accept,accept,accept,accept,automated-harness,"tier1 MEP friendship compose non-empty"
PLCMT_MOON_SCORPIO,romantic,accept,accept,accept,accept,accept,automated-harness,"tier1 MEP romantic compose non-empty"
PLCMT_MOON_SAGITTARIUS,friendship,accept,accept,accept,accept,accept,automated-harness,"tier1 MEP friendship compose non-empty"
PLCMT_MOON_SAGITTARIUS,romantic,accept,accept,accept,accept,accept,automated-harness,"tier1 MEP romantic compose non-empty"
PLCMT_MOON_CAPRICORN,friendship,accept,accept,accept,accept,accept,automated-harness,"tier1 MEP friendship compose non-empty"
PLCMT_MOON_CAPRICORN,romantic,accept,accept,accept,accept,accept,automated-harness,"tier1 MEP romantic compose non-empty"
PLCMT_MOON_AQUARIUS,friendship,accept,accept,accept,accept,accept,automated-harness,"tier1 MEP friendship compose non-empty"
PLCMT_MOON_AQUARIUS,romantic,accept,accept,accept,accept,accept,automated-harness,"tier1 MEP romantic compose non-empty"
PLCMT_MOON_PISCES,friendship,accept,accept,accept,accept,accept,automated-harness,"tier1 MEP friendship compose non-empty"
PLCMT_MOON_PISCES,romantic,accept,accept,accept,accept,accept,automated-harness,"tier1 MEP romantic compose non-empty"
PLCMT_MERCURY_ARIES,friendship,accept,accept,accept,accept,accept,automated-harness,"tier1 MEP friendship compose non-empty"
PLCMT_MERCURY_ARIES,romantic,accept,accept,accept,accept,accept,automated-harness,"tier1 MEP romantic compose non-empty"
PLCMT_MERCURY_TAURUS,friendship,accept,accept,accept,accept,accept,automated-harness,"tier1 MEP friendship compose non-empty"
PLCMT_MERCURY_TAURUS,romantic,accept,accept,accept,accept,accept,automated-harness,"tier1 MEP romantic compose non-empty"
PLCMT_MERCURY_GEMINI,friendship,accept,accept,accept,accept,accept,automated-harness,"tier1 MEP friendship compose non-empty"
PLCMT_MERCURY_GEMINI,romantic,accept,accept,accept,accept,accept,automated-harness,"tier1 MEP romantic compose non-empty"
PLCMT_MERCURY_CANCER,friendship,accept,accept,accept,accept,accept,automated-harness,"tier1 MEP friendship compose non-empty"
PLCMT_MERCURY_CANCER,romantic,accept,accept,accept,accept,accept,automated-harness,"tier1 MEP romantic compose non-empty"
PLCMT_MERCURY_LEO,friendship,accept,accept,accept,accept,accept,automated-harness,"tier1 MEP friendship compose non-empty"
PLCMT_MERCURY_LEO,romantic,accept,accept,accept,accept,accept,automated-harness,"tier1 MEP romantic compose non-empty"
PLCMT_MERCURY_VIRGO,friendship,accept,accept,accept,accept,accept,automated-harness,"tier1 MEP friendship compose non-empty"
PLCMT_MERCURY_VIRGO,romantic,accept,accept,accept,accept,accept,automated-harness,"tier1 MEP romantic compose non-empty"
PLCMT_MERCURY_LIBRA,friendship,accept,accept,accept,accept,accept,automated-harness,"tier1 MEP friendship compose non-empty"
PLCMT_MERCURY_LIBRA,romantic,accept,accept,accept,accept,accept,automated-harness,"tier1 MEP romantic compose non-empty"
PLCMT_MERCURY_SCORPIO,friendship,accept,accept,accept,accept,accept,automated-harness,"tier1 MEP friendship compose non-empty"
PLCMT_MERCURY_SCORPIO,romantic,accept,accept,accept,accept,accept,automated-harness,"tier1 MEP romantic compose non-empty"
PLCMT_MERCURY_SAGITTARIUS,friendship,accept,accept,accept,accept,accept,automated-harness,"tier1 MEP friendship compose non-empty"
PLCMT_MERCURY_SAGITTARIUS,romantic,accept,accept,accept,accept,accept,automated-harness,"tier1 MEP romantic compose non-empty"
PLCMT_MERCURY_CAPRICORN,friendship,accept,accept,accept,accept,accept,automated-harness,"tier1 MEP friendship compose non-empty"
PLCMT_MERCURY_CAPRICORN,romantic,accept,accept,accept,accept,accept,automated-harness,"tier1 MEP romantic compose non-empty"
PLCMT_MERCURY_AQUARIUS,friendship,accept,accept,accept,accept,accept,automated-harness,"tier1 MEP friendship compose non-empty"
PLCMT_MERCURY_AQUARIUS,romantic,accept,accept,accept,accept,accept,automated-harness,"tier1 MEP romantic compose non-empty"
PLCMT_MERCURY_PISCES,friendship,accept,accept,accept,accept,accept,automated-harness,"tier1 MEP friendship compose non-empty"
PLCMT_MERCURY_PISCES,romantic,accept,accept,accept,accept,accept,automated-harness,"tier1 MEP romantic compose non-empty"
PLCMT_VENUS_ARIES,friendship,accept,accept,accept,accept,accept,automated-harness,"tier1 MEP friendship compose non-empty"
PLCMT_VENUS_ARIES,romantic,accept,accept,accept,accept,accept,automated-harness,"tier1 MEP romantic compose non-empty"
PLCMT_VENUS_TAURUS,friendship,accept,accept,accept,accept,accept,automated-harness,"tier1 MEP friendship compose non-empty"
PLCMT_VENUS_TAURUS,romantic,accept,accept,accept,accept,accept,automated-harness,"tier1 MEP romantic compose non-empty"
PLCMT_VENUS_GEMINI,friendship,accept,accept,accept,accept,accept,automated-harness,"tier1 MEP friendship compose non-empty"
PLCMT_VENUS_GEMINI,romantic,accept,accept,accept,accept,accept,automated-harness,"tier1 MEP romantic compose non-empty"
PLCMT_VENUS_CANCER,friendship,accept,accept,accept,accept,accept,automated-harness,"tier1 MEP friendship compose non-empty"
PLCMT_VENUS_CANCER,romantic,accept,accept,accept,accept,accept,automated-harness,"tier1 MEP romantic compose non-empty"
PLCMT_VENUS_LEO,friendship,accept,accept,accept,accept,accept,automated-harness,"tier1 MEP friendship compose non-empty"
PLCMT_VENUS_LEO,romantic,accept,accept,accept,accept,accept,automated-harness,"tier1 MEP romantic compose non-empty"
PLCMT_VENUS_VIRGO,friendship,accept,accept,accept,accept,accept,automated-harness,"tier1 MEP friendship compose non-empty"
PLCMT_VENUS_VIRGO,romantic,accept,accept,accept,accept,accept,automated-harness,"tier1 MEP romantic compose non-empty"
PLCMT_VENUS_LIBRA,friendship,accept,accept,accept,accept,accept,automated-harness,"tier1 MEP friendship compose non-empty"
PLCMT_VENUS_LIBRA,romantic,accept,accept,accept,accept,accept,automated-harness,"tier1 MEP romantic compose non-empty"
PLCMT_VENUS_SCORPIO,friendship,accept,accept,accept,accept,accept,automated-harness,"tier1 MEP friendship compose non-empty"
PLCMT_VENUS_SCORPIO,romantic,accept,accept,accept,accept,accept,automated-harness,"tier1 MEP romantic compose non-empty"
PLCMT_VENUS_SAGITTARIUS,friendship,accept,accept,accept,accept,accept,automated-harness,"tier1 MEP friendship compose non-empty"
PLCMT_VENUS_SAGITTARIUS,romantic,accept,accept,accept,accept,accept,automated-harness,"tier1 MEP romantic compose non-empty"
PLCMT_VENUS_CAPRICORN,friendship,accept,accept,accept,accept,accept,automated-harness,"tier1 MEP friendship compose non-empty"
PLCMT_VENUS_CAPRICORN,romantic,accept,accept,accept,accept,accept,automated-harness,"tier1 MEP romantic compose non-empty"
PLCMT_VENUS_AQUARIUS,friendship,accept,accept,accept,accept,accept,automated-harness,"tier1 MEP friendship compose non-empty"
PLCMT_VENUS_AQUARIUS,romantic,accept,accept,accept,accept,accept,automated-harness,"tier1 MEP romantic compose non-empty"
PLCMT_VENUS_PISCES,friendship,accept,accept,accept,accept,accept,automated-harness,"tier1 MEP friendship compose non-empty"
PLCMT_VENUS_PISCES,romantic,accept,accept,accept,accept,accept,automated-harness,"tier1 MEP romantic compose non-empty"
PLCMT_MARS_ARIES,friendship,accept,accept,accept,accept,accept,automated-harness,"tier1 MEP friendship compose non-empty"
PLCMT_MARS_ARIES,romantic,accept,accept,accept,accept,accept,automated-harness,"tier1 MEP romantic compose non-empty"
PLCMT_MARS_TAURUS,friendship,accept,accept,accept,accept,accept,automated-harness,"tier1 MEP friendship compose non-empty"
PLCMT_MARS_TAURUS,romantic,accept,accept,accept,accept,accept,automated-harness,"tier1 MEP romantic compose non-empty"
PLCMT_MARS_GEMINI,friendship,accept,accept,accept,accept,accept,automated-harness,"tier1 MEP friendship compose non-empty"
PLCMT_MARS_GEMINI,romantic,accept,accept,accept,accept,accept,automated-harness,"tier1 MEP romantic compose non-empty"
PLCMT_MARS_CANCER,friendship,accept,accept,accept,accept,accept,automated-harness,"tier1 MEP friendship compose non-empty"
PLCMT_MARS_CANCER,romantic,accept,accept,accept,accept,accept,automated-harness,"tier1 MEP romantic compose non-empty"
PLCMT_MARS_LEO,friendship,accept,accept,accept,accept,accept,automated-harness,"tier1 MEP friendship compose non-empty"
PLCMT_MARS_LEO,romantic,accept,accept,accept,accept,accept,automated-harness,"tier1 MEP romantic compose non-empty"
PLCMT_MARS_VIRGO,friendship,accept,accept,accept,accept,accept,automated-harness,"tier1 MEP friendship compose non-empty"
PLCMT_MARS_VIRGO,romantic,accept,accept,accept,accept,accept,automated-harness,"tier1 MEP romantic compose non-empty"
PLCMT_MARS_LIBRA,friendship,accept,accept,accept,accept,accept,automated-harness,"tier1 MEP friendship compose non-empty"
PLCMT_MARS_LIBRA,romantic,accept,accept,accept,accept,accept,automated-harness,"tier1 MEP romantic compose non-empty"
PLCMT_MARS_SCORPIO,friendship,accept,accept,accept,accept,accept,automated-harness,"tier1 MEP friendship compose non-empty"
PLCMT_MARS_SCORPIO,romantic,accept,accept,accept,accept,accept,automated-harness,"tier1 MEP romantic compose non-empty"
PLCMT_MARS_SAGITTARIUS,friendship,accept,accept,accept,accept,accept,automated-harness,"tier1 MEP friendship compose non-empty"
PLCMT_MARS_SAGITTARIUS,romantic,accept,accept,accept,accept,accept,automated-harness,"tier1 MEP romantic compose non-empty"
PLCMT_MARS_CAPRICORN,friendship,accept,accept,accept,accept,accept,automated-harness,"tier1 MEP friendship compose non-empty"
PLCMT_MARS_CAPRICORN,romantic,accept,accept,accept,accept,accept,automated-harness,"tier1 MEP romantic compose non-empty"
PLCMT_MARS_AQUARIUS,friendship,accept,accept,accept,accept,accept,automated-harness,"tier1 MEP friendship compose non-empty"
PLCMT_MARS_AQUARIUS,romantic,accept,accept,accept,accept,accept,automated-harness,"tier1 MEP romantic compose non-empty"
PLCMT_MARS_PISCES,friendship,accept,accept,accept,accept,accept,automated-harness,"tier1 MEP friendship compose non-empty"
PLCMT_MARS_PISCES,romantic,accept,accept,accept,accept,accept,automated-harness,"tier1 MEP romantic compose non-empty"
PLCMT_JUPITER_ARIES,friendship,accept,accept,accept,accept,accept,automated-harness,"tier1 MEP friendship compose non-empty"
PLCMT_JUPITER_ARIES,romantic,accept,accept,accept,accept,accept,automated-harness,"tier1 MEP romantic compose non-empty"
PLCMT_JUPITER_TAURUS,friendship,accept,accept,accept,accept,accept,automated-harness,"tier1 MEP friendship compose non-empty"
PLCMT_JUPITER_TAURUS,romantic,accept,accept,accept,accept,accept,automated-harness,"tier1 MEP romantic compose non-empty"
PLCMT_JUPITER_GEMINI,friendship,accept,accept,accept,accept,accept,automated-harness,"tier1 MEP friendship compose non-empty"
PLCMT_JUPITER_GEMINI,romantic,accept,accept,accept,accept,accept,automated-harness,"tier1 MEP romantic compose non-empty"
PLCMT_JUPITER_CANCER,friendship,accept,accept,accept,accept,accept,automated-harness,"tier1 MEP friendship compose non-empty"
PLCMT_JUPITER_CANCER,romantic,accept,accept,accept,accept,accept,automated-harness,"tier1 MEP romantic compose non-empty"
PLCMT_JUPITER_LEO,friendship,accept,accept,accept,accept,accept,automated-harness,"tier1 MEP friendship compose non-empty"
PLCMT_JUPITER_LEO,romantic,accept,accept,accept,accept,accept,automated-harness,"tier1 MEP romantic compose non-empty"
PLCMT_JUPITER_VIRGO,friendship,accept,accept,accept,accept,accept,automated-harness,"tier1 MEP friendship compose non-empty"
PLCMT_JUPITER_VIRGO,romantic,accept,accept,accept,accept,accept,automated-harness,"tier1 MEP romantic compose non-empty"
PLCMT_JUPITER_LIBRA,friendship,accept,accept,accept,accept,accept,automated-harness,"tier1 MEP friendship compose non-empty"
PLCMT_JUPITER_LIBRA,romantic,accept,accept,accept,accept,accept,automated-harness,"tier1 MEP romantic compose non-empty"
PLCMT_JUPITER_SCORPIO,friendship,accept,accept,accept,accept,accept,automated-harness,"tier1 MEP friendship compose non-empty"
PLCMT_JUPITER_SCORPIO,romantic,accept,accept,accept,accept,accept,automated-harness,"tier1 MEP romantic compose non-empty"
PLCMT_JUPITER_SAGITTARIUS,friendship,accept,accept,accept,accept,accept,automated-harness,"tier1 MEP friendship compose non-empty"
PLCMT_JUPITER_SAGITTARIUS,romantic,accept,accept,accept,accept,accept,automated-harness,"tier1 MEP romantic compose non-empty"
PLCMT_JUPITER_CAPRICORN,friendship,accept,accept,accept,accept,accept,automated-harness,"tier1 MEP friendship compose non-empty"
PLCMT_JUPITER_CAPRICORN,romantic,accept,accept,accept,accept,accept,automated-harness,"tier1 MEP romantic compose non-empty"
PLCMT_JUPITER_AQUARIUS,friendship,accept,accept,accept,accept,accept,automated-harness,"tier1 MEP friendship compose non-empty"
PLCMT_JUPITER_AQUARIUS,romantic,accept,accept,accept,accept,accept,automated-harness,"tier1 MEP romantic compose non-empty"
PLCMT_JUPITER_PISCES,friendship,accept,accept,accept,accept,accept,automated-harness,"tier1 MEP friendship compose non-empty"
PLCMT_JUPITER_PISCES,romantic,accept,accept,accept,accept,accept,automated-harness,"tier1 MEP romantic compose non-empty"
PLCMT_SATURN_ARIES,friendship,accept,accept,accept,accept,accept,automated-harness,"tier1 MEP friendship compose non-empty"
PLCMT_SATURN_ARIES,romantic,accept,accept,accept,accept,accept,automated-harness,"tier1 MEP romantic compose non-empty"
PLCMT_SATURN_TAURUS,friendship,accept,accept,accept,accept,accept,automated-harness,"tier1 MEP friendship compose non-empty"
PLCMT_SATURN_TAURUS,romantic,accept,accept,accept,accept,accept,automated-harness,"tier1 MEP romantic compose non-empty"
PLCMT_SATURN_GEMINI,friendship,accept,accept,accept,accept,accept,automated-harness,"tier1 MEP friendship compose non-empty"
PLCMT_SATURN_GEMINI,romantic,accept,accept,accept,accept,accept,automated-harness,"tier1 MEP romantic compose non-empty"
PLCMT_SATURN_CANCER,friendship,accept,accept,accept,accept,accept,automated-harness,"tier1 MEP friendship compose non-empty"
PLCMT_SATURN_CANCER,romantic,accept,accept,accept,accept,accept,automated-harness,"tier1 MEP romantic compose non-empty"
PLCMT_SATURN_LEO,friendship,accept,accept,accept,accept,accept,automated-harness,"tier1 MEP friendship compose non-empty"
PLCMT_SATURN_LEO,romantic,accept,accept,accept,accept,accept,automated-harness,"tier1 MEP romantic compose non-empty"
PLCMT_SATURN_VIRGO,friendship,accept,accept,accept,accept,accept,automated-harness,"tier1 MEP friendship compose non-empty"
PLCMT_SATURN_VIRGO,romantic,accept,accept,accept,accept,accept,automated-harness,"tier1 MEP romantic compose non-empty"
PLCMT_SATURN_LIBRA,friendship,accept,accept,accept,accept,accept,automated-harness,"tier1 MEP friendship compose non-empty"
PLCMT_SATURN_LIBRA,romantic,accept,accept,accept,accept,accept,automated-harness,"tier1 MEP romantic compose non-empty"
PLCMT_SATURN_SCORPIO,friendship,accept,accept,accept,accept,accept,automated-harness,"tier1 MEP friendship compose non-empty"
PLCMT_SATURN_SCORPIO,romantic,accept,accept,accept,accept,accept,automated-harness,"tier1 MEP romantic compose non-empty"
PLCMT_SATURN_SAGITTARIUS,friendship,accept,accept,accept,accept,accept,automated-harness,"tier1 MEP friendship compose non-empty"
PLCMT_SATURN_SAGITTARIUS,romantic,accept,accept,accept,accept,accept,automated-harness,"tier1 MEP romantic compose non-empty"
PLCMT_SATURN_CAPRICORN,friendship,accept,accept,accept,accept,accept,automated-harness,"tier1 MEP friendship compose non-empty"
PLCMT_SATURN_CAPRICORN,romantic,accept,accept,accept,accept,accept,automated-harness,"tier1 MEP romantic compose non-empty"
PLCMT_SATURN_AQUARIUS,friendship,accept,accept,accept,accept,accept,automated-harness,"tier1 MEP friendship compose non-empty"
PLCMT_SATURN_AQUARIUS,romantic,accept,accept,accept,accept,accept,automated-harness,"tier1 MEP romantic compose non-empty"
PLCMT_SATURN_PISCES,friendship,accept,accept,accept,accept,accept,automated-harness,"tier1 MEP friendship compose non-empty"
PLCMT_SATURN_PISCES,romantic,accept,accept,accept,accept,accept,automated-harness,"tier1 MEP romantic compose non-empty"
PLCMT_URANUS_ARIES,friendship,accept,accept,accept,accept,accept,automated-harness,"tier1 MEP friendship compose non-empty"
PLCMT_URANUS_ARIES,romantic,accept,accept,accept,accept,accept,automated-harness,"tier1 MEP romantic compose non-empty"
PLCMT_URANUS_TAURUS,friendship,accept,accept,accept,accept,accept,automated-harness,"tier1 MEP friendship compose non-empty"
PLCMT_URANUS_TAURUS,romantic,accept,accept,accept,accept,accept,automated-harness,"tier1 MEP romantic compose non-empty"
PLCMT_URANUS_GEMINI,friendship,accept,accept,accept,accept,accept,automated-harness,"tier1 MEP friendship compose non-empty"
PLCMT_URANUS_GEMINI,romantic,accept,accept,accept,accept,accept,automated-harness,"tier1 MEP romantic compose non-empty"
PLCMT_URANUS_CANCER,friendship,accept,accept,accept,accept,accept,automated-harness,"tier1 MEP friendship compose non-empty"
PLCMT_URANUS_CANCER,romantic,accept,accept,accept,accept,accept,automated-harness,"tier1 MEP romantic compose non-empty"
PLCMT_URANUS_LEO,friendship,accept,accept,accept,accept,accept,automated-harness,"tier1 MEP friendship compose non-empty"
PLCMT_URANUS_LEO,romantic,accept,accept,accept,accept,accept,automated-harness,"tier1 MEP romantic compose non-empty"
PLCMT_URANUS_VIRGO,friendship,accept,accept,accept,accept,accept,automated-harness,"tier1 MEP friendship compose non-empty"
PLCMT_URANUS_VIRGO,romantic,accept,accept,accept,accept,accept,automated-harness,"tier1 MEP romantic compose non-empty"
PLCMT_URANUS_LIBRA,friendship,accept,accept,accept,accept,accept,automated-harness,"tier1 MEP friendship compose non-empty"
PLCMT_URANUS_LIBRA,romantic,accept,accept,accept,accept,accept,automated-harness,"tier1 MEP romantic compose non-empty"
PLCMT_URANUS_SCORPIO,friendship,accept,accept,accept,accept,accept,automated-harness,"tier1 MEP friendship compose non-empty"
PLCMT_URANUS_SCORPIO,romantic,accept,accept,accept,accept,accept,automated-harness,"tier1 MEP romantic compose non-empty"
PLCMT_URANUS_SAGITTARIUS,friendship,accept,accept,accept,accept,accept,automated-harness,"tier1 MEP friendship compose non-empty"
PLCMT_URANUS_SAGITTARIUS,romantic,accept,accept,accept,accept,accept,automated-harness,"tier1 MEP romantic compose non-empty"
PLCMT_URANUS_CAPRICORN,friendship,accept,accept,accept,accept,accept,automated-harness,"tier1 MEP friendship compose non-empty"
PLCMT_URANUS_CAPRICORN,romantic,accept,accept,accept,accept,accept,automated-harness,"tier1 MEP romantic compose non-empty"
PLCMT_URANUS_AQUARIUS,friendship,accept,accept,accept,accept,accept,automated-harness,"tier1 MEP friendship compose non-empty"
PLCMT_URANUS_AQUARIUS,romantic,accept,accept,accept,accept,accept,automated-harness,"tier1 MEP romantic compose non-empty"
PLCMT_URANUS_PISCES,friendship,accept,accept,accept,accept,accept,automated-harness,"tier1 MEP friendship compose non-empty"
PLCMT_URANUS_PISCES,romantic,accept,accept,accept,accept,accept,automated-harness,"tier1 MEP romantic compose non-empty"
PLCMT_NEPTUNE_ARIES,friendship,accept,accept,accept,accept,accept,automated-harness,"tier1 MEP friendship compose non-empty"
PLCMT_NEPTUNE_ARIES,romantic,accept,accept,accept,accept,accept,automated-harness,"tier1 MEP romantic compose non-empty"
PLCMT_NEPTUNE_TAURUS,friendship,accept,accept,accept,accept,accept,automated-harness,"tier1 MEP friendship compose non-empty"
PLCMT_NEPTUNE_TAURUS,romantic,accept,accept,accept,accept,accept,automated-harness,"tier1 MEP romantic compose non-empty"
PLCMT_NEPTUNE_GEMINI,friendship,accept,accept,accept,accept,accept,automated-harness,"tier1 MEP friendship compose non-empty"
PLCMT_NEPTUNE_GEMINI,romantic,accept,accept,accept,accept,accept,automated-harness,"tier1 MEP romantic compose non-empty"
PLCMT_NEPTUNE_CANCER,friendship,accept,accept,accept,accept,accept,automated-harness,"tier1 MEP friendship compose non-empty"
PLCMT_NEPTUNE_CANCER,romantic,accept,accept,accept,accept,accept,automated-harness,"tier1 MEP romantic compose non-empty"
PLCMT_NEPTUNE_LEO,friendship,accept,accept,accept,accept,accept,automated-harness,"tier1 MEP friendship compose non-empty"
PLCMT_NEPTUNE_LEO,romantic,accept,accept,accept,accept,accept,automated-harness,"tier1 MEP romantic compose non-empty"
PLCMT_NEPTUNE_VIRGO,friendship,accept,accept,accept,accept,accept,automated-harness,"tier1 MEP friendship compose non-empty"
PLCMT_NEPTUNE_VIRGO,romantic,accept,accept,accept,accept,accept,automated-harness,"tier1 MEP romantic compose non-empty"
PLCMT_NEPTUNE_LIBRA,friendship,accept,accept,accept,accept,accept,automated-harness,"tier1 MEP friendship compose non-empty"
PLCMT_NEPTUNE_LIBRA,romantic,accept,accept,accept,accept,accept,automated-harness,"tier1 MEP romantic compose non-empty"
PLCMT_NEPTUNE_SCORPIO,friendship,accept,accept,accept,accept,accept,automated-harness,"tier1 MEP friendship compose non-empty"
PLCMT_NEPTUNE_SCORPIO,romantic,accept,accept,accept,accept,accept,automated-harness,"tier1 MEP romantic compose non-empty"
PLCMT_NEPTUNE_SAGITTARIUS,friendship,accept,accept,accept,accept,accept,automated-harness,"tier1 MEP friendship compose non-empty"
PLCMT_NEPTUNE_SAGITTARIUS,romantic,accept,accept,accept,accept,accept,automated-harness,"tier1 MEP romantic compose non-empty"
PLCMT_NEPTUNE_CAPRICORN,friendship,accept,accept,accept,accept,accept,automated-harness,"tier1 MEP friendship compose non-empty"
PLCMT_NEPTUNE_CAPRICORN,romantic,accept,accept,accept,accept,accept,automated-harness,"tier1 MEP romantic compose non-empty"
PLCMT_NEPTUNE_AQUARIUS,friendship,accept,accept,accept,accept,accept,automated-harness,"tier1 MEP friendship compose non-empty"
PLCMT_NEPTUNE_AQUARIUS,romantic,accept,accept,accept,accept,accept,automated-harness,"tier1 MEP romantic compose non-empty"
PLCMT_NEPTUNE_PISCES,friendship,accept,accept,accept,accept,accept,automated-harness,"tier1 MEP friendship compose non-empty"
PLCMT_NEPTUNE_PISCES,romantic,accept,accept,accept,accept,accept,automated-harness,"tier1 MEP romantic compose non-empty"
PLCMT_PLUTO_ARIES,friendship,accept,accept,accept,accept,accept,automated-harness,"tier1 MEP friendship compose non-empty"
PLCMT_PLUTO_ARIES,romantic,accept,accept,accept,accept,accept,automated-harness,"tier1 MEP romantic compose non-empty"
PLCMT_PLUTO_TAURUS,friendship,accept,accept,accept,accept,accept,automated-harness,"tier1 MEP friendship compose non-empty"
PLCMT_PLUTO_TAURUS,romantic,accept,accept,accept,accept,accept,automated-harness,"tier1 MEP romantic compose non-empty"
PLCMT_PLUTO_GEMINI,friendship,accept,accept,accept,accept,accept,automated-harness,"tier1 MEP friendship compose non-empty"
PLCMT_PLUTO_GEMINI,romantic,accept,accept,accept,accept,accept,automated-harness,"tier1 MEP romantic compose non-empty"
PLCMT_PLUTO_CANCER,friendship,accept,accept,accept,accept,accept,automated-harness,"tier1 MEP friendship compose non-empty"
PLCMT_PLUTO_CANCER,romantic,accept,accept,accept,accept,accept,automated-harness,"tier1 MEP romantic compose non-empty"
PLCMT_PLUTO_LEO,friendship,accept,accept,accept,accept,accept,automated-harness,"tier1 MEP friendship compose non-empty"
PLCMT_PLUTO_LEO,romantic,accept,accept,accept,accept,accept,automated-harness,"tier1 MEP romantic compose non-empty"
PLCMT_PLUTO_VIRGO,friendship,accept,accept,accept,accept,accept,automated-harness,"tier1 MEP friendship compose non-empty"
PLCMT_PLUTO_VIRGO,romantic,accept,accept,accept,accept,accept,automated-harness,"tier1 MEP romantic compose non-empty"
PLCMT_PLUTO_LIBRA,friendship,accept,accept,accept,accept,accept,automated-harness,"tier1 MEP friendship compose non-empty"
PLCMT_PLUTO_LIBRA,romantic,accept,accept,accept,accept,accept,automated-harness,"tier1 MEP romantic compose non-empty"
PLCMT_PLUTO_SCORPIO,friendship,accept,accept,accept,accept,accept,automated-harness,"tier1 MEP friendship compose non-empty"
PLCMT_PLUTO_SCORPIO,romantic,accept,accept,accept,accept,accept,automated-harness,"tier1 MEP romantic compose non-empty"
PLCMT_PLUTO_SAGITTARIUS,friendship,accept,accept,accept,accept,accept,automated-harness,"tier1 MEP friendship compose non-empty"
PLCMT_PLUTO_SAGITTARIUS,romantic,accept,accept,accept,accept,accept,automated-harness,"tier1 MEP romantic compose non-empty"
PLCMT_PLUTO_CAPRICORN,friendship,accept,accept,accept,accept,accept,automated-harness,"tier1 MEP friendship compose non-empty"
PLCMT_PLUTO_CAPRICORN,romantic,accept,accept,accept,accept,accept,automated-harness,"tier1 MEP romantic compose non-empty"
PLCMT_PLUTO_AQUARIUS,friendship,accept,accept,accept,accept,accept,automated-harness,"tier1 MEP friendship compose non-empty"
PLCMT_PLUTO_AQUARIUS,romantic,accept,accept,accept,accept,accept,automated-harness,"tier1 MEP romantic compose non-empty"
PLCMT_PLUTO_PISCES,friendship,accept,accept,accept,accept,accept,automated-harness,"tier1 MEP friendship compose non-empty"
PLCMT_PLUTO_PISCES,romantic,accept,accept,accept,accept,accept,automated-harness,"tier1 MEP romantic compose non-empty"
PLCMT_SUN_HOUSE1,friendship,accept,accept,accept,accept,accept,automated-harness,"tier1 MEP friendship compose non-empty"
PLCMT_SUN_HOUSE1,romantic,accept,accept,accept,accept,accept,automated-harness,"tier1 MEP romantic compose non-empty"
PLCMT_SUN_HOUSE2,friendship,accept,accept,accept,accept,accept,automated-harness,"tier1 MEP friendship compose non-empty"
PLCMT_SUN_HOUSE2,romantic,accept,accept,accept,accept,accept,automated-harness,"tier1 MEP romantic compose non-empty"
PLCMT_SUN_HOUSE3,friendship,accept,accept,accept,accept,accept,automated-harness,"tier1 MEP friendship compose non-empty"
PLCMT_SUN_HOUSE3,romantic,accept,accept,accept,accept,accept,automated-harness,"tier1 MEP romantic compose non-empty"
PLCMT_SUN_HOUSE4,friendship,accept,accept,accept,accept,accept,automated-harness,"tier1 MEP friendship compose non-empty"
PLCMT_SUN_HOUSE4,romantic,accept,accept,accept,accept,accept,automated-harness,"tier1 MEP romantic compose non-empty"
PLCMT_SUN_HOUSE5,friendship,accept,accept,accept,accept,accept,automated-harness,"tier1 MEP friendship compose non-empty"
PLCMT_SUN_HOUSE5,romantic,accept,accept,accept,accept,accept,automated-harness,"tier1 MEP romantic compose non-empty"
PLCMT_SUN_HOUSE6,friendship,accept,accept,accept,accept,accept,automated-harness,"tier1 MEP friendship compose non-empty"
PLCMT_SUN_HOUSE6,romantic,accept,accept,accept,accept,accept,automated-harness,"tier1 MEP romantic compose non-empty"
PLCMT_SUN_HOUSE7,friendship,accept,accept,accept,accept,accept,automated-harness,"tier1 MEP friendship compose non-empty"
PLCMT_SUN_HOUSE7,romantic,accept,accept,accept,accept,accept,automated-harness,"tier1 MEP romantic compose non-empty"
PLCMT_SUN_HOUSE8,friendship,accept,accept,accept,accept,accept,automated-harness,"tier1 MEP friendship compose non-empty"
PLCMT_SUN_HOUSE8,romantic,accept,accept,accept,accept,accept,automated-harness,"tier1 MEP romantic compose non-empty"
PLCMT_SUN_HOUSE9,friendship,accept,accept,accept,accept,accept,automated-harness,"tier1 MEP friendship compose non-empty"
PLCMT_SUN_HOUSE9,romantic,accept,accept,accept,accept,accept,automated-harness,"tier1 MEP romantic compose non-empty"
PLCMT_SUN_HOUSE10,friendship,accept,accept,accept,accept,accept,automated-harness,"tier1 MEP friendship compose non-empty"
PLCMT_SUN_HOUSE10,romantic,accept,accept,accept,accept,accept,automated-harness,"tier1 MEP romantic compose non-empty"
PLCMT_SUN_HOUSE11,friendship,accept,accept,accept,accept,accept,automated-harness,"tier1 MEP friendship compose non-empty"
PLCMT_SUN_HOUSE11,romantic,accept,accept,accept,accept,accept,automated-harness,"tier1 MEP romantic compose non-empty"
PLCMT_SUN_HOUSE12,friendship,accept,accept,accept,accept,accept,automated-harness,"tier1 MEP friendship compose non-empty"
PLCMT_SUN_HOUSE12,romantic,accept,accept,accept,accept,accept,automated-harness,"tier1 MEP romantic compose non-empty"
PLCMT_MOON_HOUSE1,friendship,accept,accept,accept,accept,accept,automated-harness,"tier1 MEP friendship compose non-empty"
PLCMT_MOON_HOUSE1,romantic,accept,accept,accept,accept,accept,automated-harness,"tier1 MEP romantic compose non-empty"
PLCMT_MOON_HOUSE2,friendship,accept,accept,accept,accept,accept,automated-harness,"tier1 MEP friendship compose non-empty"
PLCMT_MOON_HOUSE2,romantic,accept,accept,accept,accept,accept,automated-harness,"tier1 MEP romantic compose non-empty"
PLCMT_MOON_HOUSE3,friendship,accept,accept,accept,accept,accept,automated-harness,"tier1 MEP friendship compose non-empty"
PLCMT_MOON_HOUSE3,romantic,accept,accept,accept,accept,accept,automated-harness,"tier1 MEP romantic compose non-empty"
PLCMT_MOON_HOUSE4,friendship,accept,accept,accept,accept,accept,automated-harness,"tier1 MEP friendship compose non-empty"
PLCMT_MOON_HOUSE4,romantic,accept,accept,accept,accept,accept,automated-harness,"tier1 MEP romantic compose non-empty"
PLCMT_MOON_HOUSE5,friendship,accept,accept,accept,accept,accept,automated-harness,"tier1 MEP friendship compose non-empty"
PLCMT_MOON_HOUSE5,romantic,accept,accept,accept,accept,accept,automated-harness,"tier1 MEP romantic compose non-empty"
PLCMT_MOON_HOUSE6,friendship,accept,accept,accept,accept,accept,automated-harness,"tier1 MEP friendship compose non-empty"
PLCMT_MOON_HOUSE6,romantic,accept,accept,accept,accept,accept,automated-harness,"tier1 MEP romantic compose non-empty"
PLCMT_MOON_HOUSE7,friendship,accept,accept,accept,accept,accept,automated-harness,"tier1 MEP friendship compose non-empty"
PLCMT_MOON_HOUSE7,romantic,accept,accept,accept,accept,accept,automated-harness,"tier1 MEP romantic compose non-empty"
PLCMT_MOON_HOUSE8,friendship,accept,accept,accept,accept,accept,automated-harness,"tier1 MEP friendship compose non-empty"
PLCMT_MOON_HOUSE8,romantic,accept,accept,accept,accept,accept,automated-harness,"tier1 MEP romantic compose non-empty"
PLCMT_MOON_HOUSE9,friendship,accept,accept,accept,accept,accept,automated-harness,"tier1 MEP friendship compose non-empty"
PLCMT_MOON_HOUSE9,romantic,accept,accept,accept,accept,accept,automated-harness,"tier1 MEP romantic compose non-empty"
PLCMT_MOON_HOUSE10,friendship,accept,accept,accept,accept,accept,automated-harness,"tier1 MEP friendship compose non-empty"
PLCMT_MOON_HOUSE10,romantic,accept,accept,accept,accept,accept,automated-harness,"tier1 MEP romantic compose non-empty"
PLCMT_MOON_HOUSE11,friendship,accept,accept,accept,accept,accept,automated-harness,"tier1 MEP friendship compose non-empty"
PLCMT_MOON_HOUSE11,romantic,accept,accept,accept,accept,accept,automated-harness,"tier1 MEP romantic compose non-empty"
PLCMT_MOON_HOUSE12,friendship,accept,accept,accept,accept,accept,automated-harness,"tier1 MEP friendship compose non-empty"
PLCMT_MOON_HOUSE12,romantic,accept,accept,accept,accept,accept,automated-harness,"tier1 MEP romantic compose non-empty"
PLCMT_MERCURY_HOUSE1,friendship,accept,accept,accept,accept,accept,automated-harness,"tier1 MEP friendship compose non-empty"
PLCMT_MERCURY_HOUSE1,romantic,accept,accept,accept,accept,accept,automated-harness,"tier1 MEP romantic compose non-empty"
PLCMT_MERCURY_HOUSE2,friendship,accept,accept,accept,accept,accept,automated-harness,"tier1 MEP friendship compose non-empty"
PLCMT_MERCURY_HOUSE2,romantic,accept,accept,accept,accept,accept,automated-harness,"tier1 MEP romantic compose non-empty"
PLCMT_MERCURY_HOUSE3,friendship,accept,accept,accept,accept,accept,automated-harness,"tier1 MEP friendship compose non-empty"
PLCMT_MERCURY_HOUSE3,romantic,accept,accept,accept,accept,accept,automated-harness,"tier1 MEP romantic compose non-empty"
PLCMT_MERCURY_HOUSE4,friendship,accept,accept,accept,accept,accept,automated-harness,"tier1 MEP friendship compose non-empty"
PLCMT_MERCURY_HOUSE4,romantic,accept,accept,accept,accept,accept,automated-harness,"tier1 MEP romantic compose non-empty"
PLCMT_MERCURY_HOUSE5,friendship,accept,accept,accept,accept,accept,automated-harness,"tier1 MEP friendship compose non-empty"
PLCMT_MERCURY_HOUSE5,romantic,accept,accept,accept,accept,accept,automated-harness,"tier1 MEP romantic compose non-empty"
PLCMT_MERCURY_HOUSE6,friendship,accept,accept,accept,accept,accept,automated-harness,"tier1 MEP friendship compose non-empty"
PLCMT_MERCURY_HOUSE6,romantic,accept,accept,accept,accept,accept,automated-harness,"tier1 MEP romantic compose non-empty"
PLCMT_MERCURY_HOUSE7,friendship,accept,accept,accept,accept,accept,automated-harness,"tier1 MEP friendship compose non-empty"
PLCMT_MERCURY_HOUSE7,romantic,accept,accept,accept,accept,accept,automated-harness,"tier1 MEP romantic compose non-empty"
PLCMT_MERCURY_HOUSE8,friendship,accept,accept,accept,accept,accept,automated-harness,"tier1 MEP friendship compose non-empty"
PLCMT_MERCURY_HOUSE8,romantic,accept,accept,accept,accept,accept,automated-harness,"tier1 MEP romantic compose non-empty"
PLCMT_MERCURY_HOUSE9,friendship,accept,accept,accept,accept,accept,automated-harness,"tier1 MEP friendship compose non-empty"
PLCMT_MERCURY_HOUSE9,romantic,accept,accept,accept,accept,accept,automated-harness,"tier1 MEP romantic compose non-empty"
PLCMT_MERCURY_HOUSE10,friendship,accept,accept,accept,accept,accept,automated-harness,"tier1 MEP friendship compose non-empty"
PLCMT_MERCURY_HOUSE10,romantic,accept,accept,accept,accept,accept,automated-harness,"tier1 MEP romantic compose non-empty"
PLCMT_MERCURY_HOUSE11,friendship,accept,accept,accept,accept,accept,automated-harness,"tier1 MEP friendship compose non-empty"
PLCMT_MERCURY_HOUSE11,romantic,accept,accept,accept,accept,accept,automated-harness,"tier1 MEP romantic compose non-empty"
PLCMT_MERCURY_HOUSE12,friendship,accept,accept,accept,accept,accept,automated-harness,"tier1 MEP friendship compose non-empty"
PLCMT_MERCURY_HOUSE12,romantic,accept,accept,accept,accept,accept,automated-harness,"tier1 MEP romantic compose non-empty"
PLCMT_VENUS_HOUSE1,friendship,accept,accept,accept,accept,accept,automated-harness,"tier1 MEP friendship compose non-empty"
PLCMT_VENUS_HOUSE1,romantic,accept,accept,accept,accept,accept,automated-harness,"tier1 MEP romantic compose non-empty"
PLCMT_VENUS_HOUSE2,friendship,accept,accept,accept,accept,accept,automated-harness,"tier1 MEP friendship compose non-empty"
PLCMT_VENUS_HOUSE2,romantic,accept,accept,accept,accept,accept,automated-harness,"tier1 MEP romantic compose non-empty"
PLCMT_VENUS_HOUSE3,friendship,accept,accept,accept,accept,accept,automated-harness,"tier1 MEP friendship compose non-empty"
PLCMT_VENUS_HOUSE3,romantic,accept,accept,accept,accept,accept,automated-harness,"tier1 MEP romantic compose non-empty"
PLCMT_VENUS_HOUSE4,friendship,accept,accept,accept,accept,accept,automated-harness,"tier1 MEP friendship compose non-empty"
PLCMT_VENUS_HOUSE4,romantic,accept,accept,accept,accept,accept,automated-harness,"tier1 MEP romantic compose non-empty"
PLCMT_VENUS_HOUSE5,friendship,accept,accept,accept,accept,accept,automated-harness,"tier1 MEP friendship compose non-empty"
PLCMT_VENUS_HOUSE5,romantic,accept,accept,accept,accept,accept,automated-harness,"tier1 MEP romantic compose non-empty"
PLCMT_VENUS_HOUSE6,friendship,accept,accept,accept,accept,accept,automated-harness,"tier1 MEP friendship compose non-empty"
PLCMT_VENUS_HOUSE6,romantic,accept,accept,accept,accept,accept,automated-harness,"tier1 MEP romantic compose non-empty"
PLCMT_VENUS_HOUSE7,friendship,accept,accept,accept,accept,accept,automated-harness,"tier1 MEP friendship compose non-empty"
PLCMT_VENUS_HOUSE7,romantic,accept,accept,accept,accept,accept,automated-harness,"tier1 MEP romantic compose non-empty"
PLCMT_VENUS_HOUSE8,friendship,accept,accept,accept,accept,accept,automated-harness,"tier1 MEP friendship compose non-empty"
PLCMT_VENUS_HOUSE8,romantic,accept,accept,accept,accept,accept,automated-harness,"tier1 MEP romantic compose non-empty"
PLCMT_VENUS_HOUSE9,friendship,accept,accept,accept,accept,accept,automated-harness,"tier1 MEP friendship compose non-empty"
PLCMT_VENUS_HOUSE9,romantic,accept,accept,accept,accept,accept,automated-harness,"tier1 MEP romantic compose non-empty"
PLCMT_VENUS_HOUSE10,friendship,accept,accept,accept,accept,accept,automated-harness,"tier1 MEP friendship compose non-empty"
PLCMT_VENUS_HOUSE10,romantic,accept,accept,accept,accept,accept,automated-harness,"tier1 MEP romantic compose non-empty"
PLCMT_VENUS_HOUSE11,friendship,accept,accept,accept,accept,accept,automated-harness,"tier1 MEP friendship compose non-empty"
PLCMT_VENUS_HOUSE11,romantic,accept,accept,accept,accept,accept,automated-harness,"tier1 MEP romantic compose non-empty"
PLCMT_VENUS_HOUSE12,friendship,accept,accept,accept,accept,accept,automated-harness,"tier1 MEP friendship compose non-empty"
PLCMT_VENUS_HOUSE12,romantic,accept,accept,accept,accept,accept,automated-harness,"tier1 MEP romantic compose non-empty"
PLCMT_MARS_HOUSE1,friendship,accept,accept,accept,accept,accept,automated-harness,"tier1 MEP friendship compose non-empty"
PLCMT_MARS_HOUSE1,romantic,accept,accept,accept,accept,accept,automated-harness,"tier1 MEP romantic compose non-empty"
PLCMT_MARS_HOUSE2,friendship,accept,accept,accept,accept,accept,automated-harness,"tier1 MEP friendship compose non-empty"
PLCMT_MARS_HOUSE2,romantic,accept,accept,accept,accept,accept,automated-harness,"tier1 MEP romantic compose non-empty"
PLCMT_MARS_HOUSE3,friendship,accept,accept,accept,accept,accept,automated-harness,"tier1 MEP friendship compose non-empty"
PLCMT_MARS_HOUSE3,romantic,accept,accept,accept,accept,accept,automated-harness,"tier1 MEP romantic compose non-empty"
PLCMT_MARS_HOUSE4,friendship,accept,accept,accept,accept,accept,automated-harness,"tier1 MEP friendship compose non-empty"
PLCMT_MARS_HOUSE4,romantic,accept,accept,accept,accept,accept,automated-harness,"tier1 MEP romantic compose non-empty"
PLCMT_MARS_HOUSE5,friendship,accept,accept,accept,accept,accept,automated-harness,"tier1 MEP friendship compose non-empty"
PLCMT_MARS_HOUSE5,romantic,accept,accept,accept,accept,accept,automated-harness,"tier1 MEP romantic compose non-empty"
PLCMT_MARS_HOUSE6,friendship,accept,accept,accept,accept,accept,automated-harness,"tier1 MEP friendship compose non-empty"
PLCMT_MARS_HOUSE6,romantic,accept,accept,accept,accept,accept,automated-harness,"tier1 MEP romantic compose non-empty"
PLCMT_MARS_HOUSE7,friendship,accept,accept,accept,accept,accept,automated-harness,"tier1 MEP friendship compose non-empty"
PLCMT_MARS_HOUSE7,romantic,accept,accept,accept,accept,accept,automated-harness,"tier1 MEP romantic compose non-empty"
PLCMT_MARS_HOUSE8,friendship,accept,accept,accept,accept,accept,automated-harness,"tier1 MEP friendship compose non-empty"
PLCMT_MARS_HOUSE8,romantic,accept,accept,accept,accept,accept,automated-harness,"tier1 MEP romantic compose non-empty"
PLCMT_MARS_HOUSE9,friendship,accept,accept,accept,accept,accept,automated-harness,"tier1 MEP friendship compose non-empty"
PLCMT_MARS_HOUSE9,romantic,accept,accept,accept,accept,accept,automated-harness,"tier1 MEP romantic compose non-empty"
PLCMT_MARS_HOUSE10,friendship,accept,accept,accept,accept,accept,automated-harness,"tier1 MEP friendship compose non-empty"
PLCMT_MARS_HOUSE10,romantic,accept,accept,accept,accept,accept,automated-harness,"tier1 MEP romantic compose non-empty"
PLCMT_MARS_HOUSE11,friendship,accept,accept,accept,accept,accept,automated-harness,"tier1 MEP friendship compose non-empty"
PLCMT_MARS_HOUSE11,romantic,accept,accept,accept,accept,accept,automated-harness,"tier1 MEP romantic compose non-empty"
PLCMT_MARS_HOUSE12,friendship,accept,accept,accept,accept,accept,automated-harness,"tier1 MEP friendship compose non-empty"
PLCMT_MARS_HOUSE12,romantic,accept,accept,accept,accept,accept,automated-harness,"tier1 MEP romantic compose non-empty"
PLCMT_JUPITER_HOUSE1,friendship,accept,accept,accept,accept,accept,automated-harness,"tier1 MEP friendship compose non-empty"
PLCMT_JUPITER_HOUSE1,romantic,accept,accept,accept,accept,accept,automated-harness,"tier1 MEP romantic compose non-empty"
PLCMT_JUPITER_HOUSE2,friendship,accept,accept,accept,accept,accept,automated-harness,"tier1 MEP friendship compose non-empty"
PLCMT_JUPITER_HOUSE2,romantic,accept,accept,accept,accept,accept,automated-harness,"tier1 MEP romantic compose non-empty"
PLCMT_JUPITER_HOUSE3,friendship,accept,accept,accept,accept,accept,automated-harness,"tier1 MEP friendship compose non-empty"
PLCMT_JUPITER_HOUSE3,romantic,accept,accept,accept,accept,accept,automated-harness,"tier1 MEP romantic compose non-empty"
PLCMT_JUPITER_HOUSE4,friendship,accept,accept,accept,accept,accept,automated-harness,"tier1 MEP friendship compose non-empty"
PLCMT_JUPITER_HOUSE4,romantic,accept,accept,accept,accept,accept,automated-harness,"tier1 MEP romantic compose non-empty"
PLCMT_JUPITER_HOUSE5,friendship,accept,accept,accept,accept,accept,automated-harness,"tier1 MEP friendship compose non-empty"
PLCMT_JUPITER_HOUSE5,romantic,accept,accept,accept,accept,accept,automated-harness,"tier1 MEP romantic compose non-empty"
PLCMT_JUPITER_HOUSE6,friendship,accept,accept,accept,accept,accept,automated-harness,"tier1 MEP friendship compose non-empty"
PLCMT_JUPITER_HOUSE6,romantic,accept,accept,accept,accept,accept,automated-harness,"tier1 MEP romantic compose non-empty"
PLCMT_JUPITER_HOUSE7,friendship,accept,accept,accept,accept,accept,automated-harness,"tier1 MEP friendship compose non-empty"
PLCMT_JUPITER_HOUSE7,romantic,accept,accept,accept,accept,accept,automated-harness,"tier1 MEP romantic compose non-empty"
PLCMT_JUPITER_HOUSE8,friendship,accept,accept,accept,accept,accept,automated-harness,"tier1 MEP friendship compose non-empty"
PLCMT_JUPITER_HOUSE8,romantic,accept,accept,accept,accept,accept,automated-harness,"tier1 MEP romantic compose non-empty"
PLCMT_JUPITER_HOUSE9,friendship,accept,accept,accept,accept,accept,automated-harness,"tier1 MEP friendship compose non-empty"
PLCMT_JUPITER_HOUSE9,romantic,accept,accept,accept,accept,accept,automated-harness,"tier1 MEP romantic compose non-empty"
PLCMT_JUPITER_HOUSE10,friendship,accept,accept,accept,accept,accept,automated-harness,"tier1 MEP friendship compose non-empty"
PLCMT_JUPITER_HOUSE10,romantic,accept,accept,accept,accept,accept,automated-harness,"tier1 MEP romantic compose non-empty"
PLCMT_JUPITER_HOUSE11,friendship,accept,accept,accept,accept,accept,automated-harness,"tier1 MEP friendship compose non-empty"
PLCMT_JUPITER_HOUSE11,romantic,accept,accept,accept,accept,accept,automated-harness,"tier1 MEP romantic compose non-empty"
PLCMT_JUPITER_HOUSE12,friendship,accept,accept,accept,accept,accept,automated-harness,"tier1 MEP friendship compose non-empty"
PLCMT_JUPITER_HOUSE12,romantic,accept,accept,accept,accept,accept,automated-harness,"tier1 MEP romantic compose non-empty"
PLCMT_SATURN_HOUSE1,friendship,accept,accept,accept,accept,accept,automated-harness,"tier1 MEP friendship compose non-empty"
PLCMT_SATURN_HOUSE1,romantic,accept,accept,accept,accept,accept,automated-harness,"tier1 MEP romantic compose non-empty"
PLCMT_SATURN_HOUSE2,friendship,accept,accept,accept,accept,accept,automated-harness,"tier1 MEP friendship compose non-empty"
PLCMT_SATURN_HOUSE2,romantic,accept,accept,accept,accept,accept,automated-harness,"tier1 MEP romantic compose non-empty"
PLCMT_SATURN_HOUSE3,friendship,accept,accept,accept,accept,accept,automated-harness,"tier1 MEP friendship compose non-empty"
PLCMT_SATURN_HOUSE3,romantic,accept,accept,accept,accept,accept,automated-harness,"tier1 MEP romantic compose non-empty"
PLCMT_SATURN_HOUSE4,friendship,accept,accept,accept,accept,accept,automated-harness,"tier1 MEP friendship compose non-empty"
PLCMT_SATURN_HOUSE4,romantic,accept,accept,accept,accept,accept,automated-harness,"tier1 MEP romantic compose non-empty"
PLCMT_SATURN_HOUSE5,friendship,accept,accept,accept,accept,accept,automated-harness,"tier1 MEP friendship compose non-empty"
PLCMT_SATURN_HOUSE5,romantic,accept,accept,accept,accept,accept,automated-harness,"tier1 MEP romantic compose non-empty"
PLCMT_SATURN_HOUSE6,friendship,accept,accept,accept,accept,accept,automated-harness,"tier1 MEP friendship compose non-empty"
PLCMT_SATURN_HOUSE6,romantic,accept,accept,accept,accept,accept,automated-harness,"tier1 MEP romantic compose non-empty"
PLCMT_SATURN_HOUSE7,friendship,accept,accept,accept,accept,accept,automated-harness,"tier1 MEP friendship compose non-empty"
PLCMT_SATURN_HOUSE7,romantic,accept,accept,accept,accept,accept,automated-harness,"tier1 MEP romantic compose non-empty"
PLCMT_SATURN_HOUSE8,friendship,accept,accept,accept,accept,accept,automated-harness,"tier1 MEP friendship compose non-empty"
PLCMT_SATURN_HOUSE8,romantic,accept,accept,accept,accept,accept,automated-harness,"tier1 MEP romantic compose non-empty"
PLCMT_SATURN_HOUSE9,friendship,accept,accept,accept,accept,accept,automated-harness,"tier1 MEP friendship compose non-empty"
PLCMT_SATURN_HOUSE9,romantic,accept,accept,accept,accept,accept,automated-harness,"tier1 MEP romantic compose non-empty"
PLCMT_SATURN_HOUSE10,friendship,accept,accept,accept,accept,accept,automated-harness,"tier1 MEP friendship compose non-empty"
PLCMT_SATURN_HOUSE10,romantic,accept,accept,accept,accept,accept,automated-harness,"tier1 MEP romantic compose non-empty"
PLCMT_SATURN_HOUSE11,friendship,accept,accept,accept,accept,accept,automated-harness,"tier1 MEP friendship compose non-empty"
PLCMT_SATURN_HOUSE11,romantic,accept,accept,accept,accept,accept,automated-harness,"tier1 MEP romantic compose non-empty"
PLCMT_SATURN_HOUSE12,friendship,accept,accept,accept,accept,accept,automated-harness,"tier1 MEP friendship compose non-empty"
PLCMT_SATURN_HOUSE12,romantic,accept,accept,accept,accept,accept,automated-harness,"tier1 MEP romantic compose non-empty"
PLCMT_URANUS_HOUSE1,friendship,accept,accept,accept,accept,accept,automated-harness,"tier1 MEP friendship compose non-empty"
PLCMT_URANUS_HOUSE1,romantic,accept,accept,accept,accept,accept,automated-harness,"tier1 MEP romantic compose non-empty"
PLCMT_URANUS_HOUSE2,friendship,accept,accept,accept,accept,accept,automated-harness,"tier1 MEP friendship compose non-empty"
PLCMT_URANUS_HOUSE2,romantic,accept,accept,accept,accept,accept,automated-harness,"tier1 MEP romantic compose non-empty"
PLCMT_URANUS_HOUSE3,friendship,accept,accept,accept,accept,accept,automated-harness,"tier1 MEP friendship compose non-empty"
PLCMT_URANUS_HOUSE3,romantic,accept,accept,accept,accept,accept,automated-harness,"tier1 MEP romantic compose non-empty"
PLCMT_URANUS_HOUSE4,friendship,accept,accept,accept,accept,accept,automated-harness,"tier1 MEP friendship compose non-empty"
PLCMT_URANUS_HOUSE4,romantic,accept,accept,accept,accept,accept,automated-harness,"tier1 MEP romantic compose non-empty"
PLCMT_URANUS_HOUSE5,friendship,accept,accept,accept,accept,accept,automated-harness,"tier1 MEP friendship compose non-empty"
PLCMT_URANUS_HOUSE5,romantic,accept,accept,accept,accept,accept,automated-harness,"tier1 MEP romantic compose non-empty"
PLCMT_URANUS_HOUSE6,friendship,accept,accept,accept,accept,accept,automated-harness,"tier1 MEP friendship compose non-empty"
PLCMT_URANUS_HOUSE6,romantic,accept,accept,accept,accept,accept,automated-harness,"tier1 MEP romantic compose non-empty"
PLCMT_URANUS_HOUSE7,friendship,accept,accept,accept,accept,accept,automated-harness,"tier1 MEP friendship compose non-empty"
PLCMT_URANUS_HOUSE7,romantic,accept,accept,accept,accept,accept,automated-harness,"tier1 MEP romantic compose non-empty"
PLCMT_URANUS_HOUSE8,friendship,accept,accept,accept,accept,accept,automated-harness,"tier1 MEP friendship compose non-empty"
PLCMT_URANUS_HOUSE8,romantic,accept,accept,accept,accept,accept,automated-harness,"tier1 MEP romantic compose non-empty"
PLCMT_URANUS_HOUSE9,friendship,accept,accept,accept,accept,accept,automated-harness,"tier1 MEP friendship compose non-empty"
PLCMT_URANUS_HOUSE9,romantic,accept,accept,accept,accept,accept,automated-harness,"tier1 MEP romantic compose non-empty"
PLCMT_URANUS_HOUSE10,friendship,accept,accept,accept,accept,accept,automated-harness,"tier1 MEP friendship compose non-empty"
PLCMT_URANUS_HOUSE10,romantic,accept,accept,accept,accept,accept,automated-harness,"tier1 MEP romantic compose non-empty"
PLCMT_URANUS_HOUSE11,friendship,accept,accept,accept,accept,accept,automated-harness,"tier1 MEP friendship compose non-empty"
PLCMT_URANUS_HOUSE11,romantic,accept,accept,accept,accept,accept,automated-harness,"tier1 MEP romantic compose non-empty"
PLCMT_URANUS_HOUSE12,friendship,accept,accept,accept,accept,accept,automated-harness,"tier1 MEP friendship compose non-empty"
PLCMT_URANUS_HOUSE12,romantic,accept,accept,accept,accept,accept,automated-harness,"tier1 MEP romantic compose non-empty"

PLCMT_NEPTUNE_HOUSE1,friendship,accept,accept,accept,accept,accept,automated-harness,"tier1 MEP friendship compose non-empty"
PLCMT_NEPTUNE_HOUSE1,romantic,accept,accept,accept,accept,accept,automated-harness,"tier1 MEP romantic compose non-empty"
PLCMT_NEPTUNE_HOUSE2,friendship,accept,accept,accept,accept,accept,automated-harness,"tier1 MEP friendship compose non-empty"
PLCMT_NEPTUNE_HOUSE2,romantic,accept,accept,accept,accept,accept,automated-harness,"tier1 MEP romantic compose non-empty"
PLCMT_NEPTUNE_HOUSE3,friendship,accept,accept,accept,accept,accept,automated-harness,"tier1 MEP friendship compose non-empty"
PLCMT_NEPTUNE_HOUSE3,romantic,accept,accept,accept,accept,accept,automated-harness,"tier1 MEP romantic compose non-empty"
PLCMT_NEPTUNE_HOUSE4,friendship,accept,accept,accept,accept,accept,automated-harness,"tier1 MEP friendship compose non-empty"
PLCMT_NEPTUNE_HOUSE4,romantic,accept,accept,accept,accept,accept,automated-harness,"tier1 MEP romantic compose non-empty"
PLCMT_NEPTUNE_HOUSE5,friendship,accept,accept,accept,accept,accept,automated-harness,"tier1 MEP friendship compose non-empty"
PLCMT_NEPTUNE_HOUSE5,romantic,accept,accept,accept,accept,accept,automated-harness,"tier1 MEP romantic compose non-empty"
PLCMT_NEPTUNE_HOUSE6,friendship,accept,accept,accept,accept,accept,automated-harness,"tier1 MEP friendship compose non-empty"
PLCMT_NEPTUNE_HOUSE6,romantic,accept,accept,accept,accept,accept,automated-harness,"tier1 MEP romantic compose non-empty"
PLCMT_NEPTUNE_HOUSE7,friendship,accept,accept,accept,accept,accept,automated-harness,"tier1 MEP friendship compose non-empty"
PLCMT_NEPTUNE_HOUSE7,romantic,accept,accept,accept,accept,accept,automated-harness,"tier1 MEP romantic compose non-empty"
PLCMT_NEPTUNE_HOUSE8,friendship,accept,accept,accept,accept,accept,automated-harness,"tier1 MEP friendship compose non-empty"
PLCMT_NEPTUNE_HOUSE8,romantic,accept,accept,accept,accept,accept,automated-harness,"tier1 MEP romantic compose non-empty"
PLCMT_NEPTUNE_HOUSE9,friendship,accept,accept,accept,accept,accept,automated-harness,"tier1 MEP friendship compose non-empty"
PLCMT_NEPTUNE_HOUSE9,romantic,accept,accept,accept,accept,accept,automated-harness,"tier1 MEP romantic compose non-empty"
PLCMT_NEPTUNE_HOUSE10,friendship,accept,accept,accept,accept,accept,automated-harness,"tier1 MEP friendship compose non-empty"
PLCMT_NEPTUNE_HOUSE10,romantic,accept,accept,accept,accept,accept,automated-harness,"tier1 MEP romantic compose non-empty"
PLCMT_NEPTUNE_HOUSE11,friendship,accept,accept,accept,accept,accept,automated-harness,"tier1 MEP friendship compose non-empty"
PLCMT_NEPTUNE_HOUSE11,romantic,accept,accept,accept,accept,accept,automated-harness,"tier1 MEP romantic compose non-empty"
PLCMT_NEPTUNE_HOUSE12,friendship,accept,accept,accept,accept,accept,automated-harness,"tier1 MEP friendship compose non-empty"
PLCMT_NEPTUNE_HOUSE12,romantic,accept,accept,accept,accept,accept,automated-harness,"tier1 MEP romantic compose non-empty"
PLCMT_PLUTO_HOUSE1,friendship,accept,accept,accept,accept,accept,automated-harness,"tier1 MEP friendship compose non-empty"
PLCMT_PLUTO_HOUSE1,romantic,accept,accept,accept,accept,accept,automated-harness,"tier1 MEP romantic compose non-empty"
PLCMT_PLUTO_HOUSE2,friendship,accept,accept,accept,accept,accept,automated-harness,"tier1 MEP friendship compose non-empty"
PLCMT_PLUTO_HOUSE2,romantic,accept,accept,accept,accept,accept,automated-harness,"tier1 MEP romantic compose non-empty"
PLCMT_PLUTO_HOUSE3,friendship,accept,accept,accept,accept,accept,automated-harness,"tier1 MEP friendship compose non-empty"
PLCMT_PLUTO_HOUSE3,romantic,accept,accept,accept,accept,accept,automated-harness,"tier1 MEP romantic compose non-empty"
PLCMT_PLUTO_HOUSE4,friendship,accept,accept,accept,accept,accept,automated-harness,"tier1 MEP friendship compose non-empty"
PLCMT_PLUTO_HOUSE4,romantic,accept,accept,accept,accept,accept,automated-harness,"tier1 MEP romantic compose non-empty"
PLCMT_PLUTO_HOUSE5,friendship,accept,accept,accept,accept,accept,automated-harness,"tier1 MEP friendship compose non-empty"
PLCMT_PLUTO_HOUSE5,romantic,accept,accept,accept,accept,accept,automated-harness,"tier1 MEP romantic compose non-empty"
PLCMT_PLUTO_HOUSE6,friendship,accept,accept,accept,accept,accept,automated-harness,"tier1 MEP friendship compose non-empty"
PLCMT_PLUTO_HOUSE6,romantic,accept,accept,accept,accept,accept,automated-harness,"tier1 MEP romantic compose non-empty"
PLCMT_PLUTO_HOUSE7,friendship,accept,accept,accept,accept,accept,automated-harness,"tier1 MEP friendship compose non-empty"
PLCMT_PLUTO_HOUSE7,romantic,accept,accept,accept,accept,accept,automated-harness,"tier1 MEP romantic compose non-empty"
PLCMT_PLUTO_HOUSE8,friendship,accept,accept,accept,accept,accept,automated-harness,"tier1 MEP friendship compose non-empty"
PLCMT_PLUTO_HOUSE8,romantic,accept,accept,accept,accept,accept,automated-harness,"tier1 MEP romantic compose non-empty"
PLCMT_PLUTO_HOUSE9,friendship,accept,accept,accept,accept,accept,automated-harness,"tier1 MEP friendship compose non-empty"
PLCMT_PLUTO_HOUSE9,romantic,accept,accept,accept,accept,accept,automated-harness,"tier1 MEP romantic compose non-empty"
PLCMT_PLUTO_HOUSE10,friendship,accept,accept,accept,accept,accept,automated-harness,"tier1 MEP friendship compose non-empty"
PLCMT_PLUTO_HOUSE10,romantic,accept,accept,accept,accept,accept,automated-harness,"tier1 MEP romantic compose non-empty"
PLCMT_PLUTO_HOUSE11,friendship,accept,accept,accept,accept,accept,automated-harness,"tier1 MEP friendship compose non-empty"
PLCMT_PLUTO_HOUSE11,romantic,accept,accept,accept,accept,accept,automated-harness,"tier1 MEP romantic compose non-empty"
PLCMT_PLUTO_HOUSE12,friendship,accept,accept,accept,accept,accept,automated-harness,"tier1 MEP friendship compose non-empty"
PLCMT_PLUTO_HOUSE12,romantic,accept,accept,accept,accept,accept,automated-harness,"tier1 MEP romantic compose non-empty"
